date,game_link
2019-10-22,https://www.nba.com/game/nop-vs-tor-0021900001
2019-10-22,https://www.nba.com/game/lal-vs-lac-0021900002
2019-10-23,https://www.nba.com/game/chi-vs-cha-0021900003
2019-10-23,https://www.nba.com/game/det-vs-ind-0021900004
2019-10-23,https://www.nba.com/game/cle-vs-orl-0021900005
2019-10-23,https://www.nba.com/game/min-vs-bkn-0021900006
2019-10-23,https://www.nba.com/game/mem-vs-mia-0021900007
2019-10-23,https://www.nba.com/game/bos-vs-phi-0021900008
2019-10-23,https://www.nba.com/game/was-vs-dal-0021900009
2019-10-23,https://www.nba.com/game/nyk-vs-sas-0021900010
2019-10-23,https://www.nba.com/game/okc-vs-uta-0021900011
2019-10-23,https://www.nba.com/game/sac-vs-phx-0021900012
2019-10-23,https://www.nba.com/game/den-vs-por-0021900013
2019-10-24,https://www.nba.com/game/atl-vs-det-0021900014
2019-10-24,https://www.nba.com/game/mil-vs-hou-0021900015
2019-10-24,https://www.nba.com/game/lac-vs-gsw-0021900016
2019-10-25,https://www.nba.com/game/tor-vs-bos-0021900017
2019-10-25,https://www.nba.com/game/min-vs-cha-0021900018
2019-10-25,https://www.nba.com/game/nyk-vs-bkn-0021900019
2019-10-25,https://www.nba.com/game/chi-vs-mem-0021900020
2019-10-25,https://www.nba.com/game/dal-vs-nop-0021900021
2019-10-25,https://www.nba.com/game/was-vs-okc-0021900022
2019-10-25,https://www.nba.com/game/phx-vs-den-0021900023
2019-10-25,https://www.nba.com/game/por-vs-sac-0021900024
2019-10-25,https://www.nba.com/game/uta-vs-lal-0021900025
2019-10-26,https://www.nba.com/game/mia-vs-mil-0021900026
2019-10-26,https://www.nba.com/game/phi-vs-det-0021900027
2019-10-26,https://www.nba.com/game/orl-vs-atl-0021900028
2019-10-26,https://www.nba.com/game/bos-vs-nyk-0021900029
2019-10-26,https://www.nba.com/game/ind-vs-cle-0021900030
2019-10-26,https://www.nba.com/game/tor-vs-chi-0021900031
2019-10-26,https://www.nba.com/game/nop-vs-hou-0021900032
2019-10-26,https://www.nba.com/game/was-vs-sas-0021900033
2019-10-26,https://www.nba.com/game/sac-vs-uta-0021900034
2019-10-26,https://www.nba.com/game/lac-vs-phx-0021900035
2019-10-27,https://www.nba.com/game/gsw-vs-okc-0021900036
2019-10-27,https://www.nba.com/game/bkn-vs-mem-0021900037
2019-10-27,https://www.nba.com/game/por-vs-dal-0021900038
2019-10-27,https://www.nba.com/game/mia-vs-min-0021900039
2019-10-27,https://www.nba.com/game/cha-vs-lal-0021900040
2019-10-28,https://www.nba.com/game/ind-vs-det-0021900041
2019-10-28,https://www.nba.com/game/chi-vs-nyk-0021900042
2019-10-28,https://www.nba.com/game/phi-vs-atl-0021900043
2019-10-28,https://www.nba.com/game/orl-vs-tor-0021900044
2019-10-28,https://www.nba.com/game/okc-vs-hou-0021900045
2019-10-28,https://www.nba.com/game/cle-vs-mil-0021900046
2019-10-28,https://www.nba.com/game/gsw-vs-nop-0021900047
2019-10-28,https://www.nba.com/game/por-vs-sas-0021900048
2019-10-28,https://www.nba.com/game/uta-vs-phx-0021900049
2019-10-28,https://www.nba.com/game/den-vs-sac-0021900050
2019-10-28,https://www.nba.com/game/cha-vs-lac-0021900051
2019-10-29,https://www.nba.com/game/atl-vs-mia-0021900052
2019-10-29,https://www.nba.com/game/dal-vs-den-0021900053
2019-10-29,https://www.nba.com/game/mem-vs-lal-0021900054
2019-10-30,https://www.nba.com/game/chi-vs-cle-0021900055
2019-10-30,https://www.nba.com/game/nyk-vs-orl-0021900056
2019-10-30,https://www.nba.com/game/min-vs-phi-0021900057
2019-10-30,https://www.nba.com/game/mil-vs-bos-0021900058
2019-10-30,https://www.nba.com/game/ind-vs-bkn-0021900059
2019-10-30,https://www.nba.com/game/det-vs-tor-0021900060
2019-10-30,https://www.nba.com/game/hou-vs-was-0021900061
2019-10-30,https://www.nba.com/game/por-vs-okc-0021900062
2019-10-30,https://www.nba.com/game/lac-vs-uta-0021900063
2019-10-30,https://www.nba.com/game/cha-vs-sac-0021900064
2019-10-30,https://www.nba.com/game/phx-vs-gsw-0021900065
2019-10-31,https://www.nba.com/game/mia-vs-atl-0021900066
2019-10-31,https://www.nba.com/game/den-vs-nop-0021900067
2019-10-31,https://www.nba.com/game/sas-vs-lac-0021900068
2019-11-01,https://www.nba.com/game/hou-vs-bkn-0021900069
2019-11-01,https://www.nba.com/game/cle-vs-ind-0021900070
2019-11-01,https://www.nba.com/game/mil-vs-orl-0021900071
2019-11-01,https://www.nba.com/game/nyk-vs-bos-0021900072
2019-11-01,https://www.nba.com/game/det-vs-chi-0021900073
2019-11-01,https://www.nba.com/game/lal-vs-dal-0021900074
2019-11-01,https://www.nba.com/game/uta-vs-sac-0021900075
2019-11-01,https://www.nba.com/game/sas-vs-gsw-0021900076
2019-11-02,https://www.nba.com/game/nop-vs-okc-0021900077
2019-11-02,https://www.nba.com/game/bkn-vs-det-0021900078
2019-11-02,https://www.nba.com/game/den-vs-orl-0021900079
2019-11-02,https://www.nba.com/game/min-vs-was-0021900080
2019-11-02,https://www.nba.com/game/phx-vs-mem-0021900081
2019-11-02,https://www.nba.com/game/tor-vs-mil-0021900082
2019-11-02,https://www.nba.com/game/cha-vs-gsw-0021900083
2019-11-02,https://www.nba.com/game/phi-vs-por-0021900084
2019-11-03,https://www.nba.com/game/chi-vs-ind-0021900085
2019-11-03,https://www.nba.com/game/hou-vs-mia-0021900086
2019-11-03,https://www.nba.com/game/sac-vs-nyk-0021900087
2019-11-03,https://www.nba.com/game/lal-vs-sas-0021900088
2019-11-03,https://www.nba.com/game/dal-vs-cle-0021900089
2019-11-03,https://www.nba.com/game/uta-vs-lac-0021900090
2019-11-04,https://www.nba.com/game/det-vs-was-0021900091
2019-11-04,https://www.nba.com/game/nop-vs-bkn-0021900092
2019-11-04,https://www.nba.com/game/hou-vs-mem-0021900093
2019-11-04,https://www.nba.com/game/mil-vs-min-0021900094
2019-11-04,https://www.nba.com/game/phi-vs-phx-0021900095
2019-11-04,https://www.nba.com/game/por-vs-gsw-0021900096
2019-11-05,https://www.nba.com/game/ind-vs-cha-0021900097
2019-11-05,https://www.nba.com/game/bos-vs-cle-0021900098
2019-11-05,https://www.nba.com/game/sas-vs-atl-0021900099
2019-11-05,https://www.nba.com/game/lal-vs-chi-0021900100
2019-11-05,https://www.nba.com/game/orl-vs-okc-0021900101
2019-11-05,https://www.nba.com/game/mia-vs-den-0021900102
2019-11-06,https://www.nba.com/game/nyk-vs-det-0021900103
2019-11-06,https://www.nba.com/game/was-vs-ind-0021900104
2019-11-06,https://www.nba.com/game/chi-vs-atl-0021900105
2019-11-06,https://www.nba.com/game/sac-vs-tor-0021900106
2019-11-06,https://www.nba.com/game/gsw-vs-hou-0021900107
2019-11-06,https://www.nba.com/game/min-vs-mem-0021900108
2019-11-06,https://www.nba.com/game/orl-vs-dal-0021900109
2019-11-06,https://www.nba.com/game/phi-vs-uta-0021900110
2019-11-06,https://www.nba.com/game/mil-vs-lac-0021900111
2019-11-07,https://www.nba.com/game/bos-vs-cha-0021900112
2019-11-07,https://www.nba.com/game/okc-vs-sas-0021900113
2019-11-07,https://www.nba.com/game/mia-vs-phx-0021900114
2019-11-07,https://www.nba.com/game/por-vs-lac-0021900115
2019-11-08,https://www.nba.com/game/det-vs-ind-0021900116
2019-11-08,https://www.nba.com/game/mem-vs-orl-0021900117
2019-11-08,https://www.nba.com/game/cle-vs-was-0021900118
2019-11-08,https://www.nba.com/game/sac-vs-atl-0021900119
2019-11-08,https://www.nba.com/game/gsw-vs-min-0021900120
2019-11-08,https://www.nba.com/game/tor-vs-nop-0021900121
2019-11-08,https://www.nba.com/game/nyk-vs-dal-0021900122
2019-11-08,https://www.nba.com/game/phi-vs-den-0021900123
2019-11-08,https://www.nba.com/game/mil-vs-uta-0021900124
2019-11-08,https://www.nba.com/game/bkn-vs-por-0021900125
2019-11-08,https://www.nba.com/game/mia-vs-lal-0021900126
2019-11-09,https://www.nba.com/game/bos-vs-sas-0021900127
2019-11-09,https://www.nba.com/game/nop-vs-cha-0021900128
2019-11-09,https://www.nba.com/game/hou-vs-chi-0021900129
2019-11-09,https://www.nba.com/game/dal-vs-mem-0021900130
2019-11-09,https://www.nba.com/game/gsw-vs-okc-0021900131
2019-11-10,https://www.nba.com/game/den-vs-min-0021900132
2019-11-10,https://www.nba.com/game/ind-vs-orl-0021900133
2019-11-10,https://www.nba.com/game/cha-vs-phi-0021900134
2019-11-10,https://www.nba.com/game/mil-vs-okc-0021900135
2019-11-10,https://www.nba.com/game/cle-vs-nyk-0021900136
2019-11-10,https://www.nba.com/game/bkn-vs-phx-0021900137
2019-11-10,https://www.nba.com/game/atl-vs-por-0021900138
2019-11-10,https://www.nba.com/game/tor-vs-lal-0021900139
2019-11-11,https://www.nba.com/game/min-vs-det-0021900140
2019-11-11,https://www.nba.com/game/dal-vs-bos-0021900141
2019-11-11,https://www.nba.com/game/mem-vs-sas-0021900143
2019-11-11,https://www.nba.com/game/hou-vs-nop-0021900142
2019-11-11,https://www.nba.com/game/uta-vs-gsw-0021900144
2019-11-11,https://www.nba.com/game/tor-vs-lac-0021900145
2019-11-12,https://www.nba.com/game/okc-vs-ind-0021900146
2019-11-12,https://www.nba.com/game/cle-vs-phi-0021900147
2019-11-12,https://www.nba.com/game/det-vs-mia-0021900148
2019-11-12,https://www.nba.com/game/nyk-vs-chi-0021900149
2019-11-12,https://www.nba.com/game/atl-vs-den-0021900150
2019-11-12,https://www.nba.com/game/lal-vs-phx-0021900151
2019-11-12,https://www.nba.com/game/bkn-vs-uta-0021900152
2019-11-12,https://www.nba.com/game/por-vs-sac-0021900153
2019-11-13,https://www.nba.com/game/mem-vs-cha-0021900154
2019-11-13,https://www.nba.com/game/phi-vs-orl-0021900155
2019-11-13,https://www.nba.com/game/was-vs-bos-0021900156
2019-11-13,https://www.nba.com/game/lac-vs-hou-0021900157
2019-11-13,https://www.nba.com/game/sas-vs-min-0021900158
2019-11-13,https://www.nba.com/game/gsw-vs-lal-0021900159
2019-11-13,https://www.nba.com/game/tor-vs-por-0021900160
2019-11-14,https://www.nba.com/game/mia-vs-cle-0021900161
2019-11-14,https://www.nba.com/game/dal-vs-nyk-0021900162
2019-11-14,https://www.nba.com/game/chi-vs-mil-0021900163
2019-11-14,https://www.nba.com/game/lac-vs-nop-0021900164
2019-11-14,https://www.nba.com/game/atl-vs-phx-0021900165
2019-11-14,https://www.nba.com/game/bkn-vs-den-0021900166
2019-11-15,https://www.nba.com/game/det-vs-cha-0021900167
2019-11-15,https://www.nba.com/game/sas-vs-orl-0021900168
2019-11-15,https://www.nba.com/game/ind-vs-hou-0021900169
2019-11-15,https://www.nba.com/game/uta-vs-mem-0021900170
2019-11-15,https://www.nba.com/game/was-vs-min-0021900171
2019-11-15,https://www.nba.com/game/phi-vs-okc-0021900172
2019-11-15,https://www.nba.com/game/bos-vs-gsw-0021900173
2019-11-15,https://www.nba.com/game/sac-vs-lal-0021900174
2019-11-16,https://www.nba.com/game/bkn-vs-chi-0021900175
2019-11-16,https://www.nba.com/game/mil-vs-ind-0021900176
2019-11-16,https://www.nba.com/game/cha-vs-nyk-0021900177
2019-11-16,https://www.nba.com/game/nop-vs-mia-0021900178
2019-11-16,https://www.nba.com/game/hou-vs-min-0021900179
2019-11-16,https://www.nba.com/game/tor-vs-dal-0021900180
2019-11-16,https://www.nba.com/game/por-vs-sas-0021900181
2019-11-16,https://www.nba.com/game/atl-vs-lac-0021900182
2019-11-17,https://www.nba.com/game/phi-vs-cle-0021900183
2019-11-17,https://www.nba.com/game/bos-vs-sac-0021900184
2019-11-17,https://www.nba.com/game/was-vs-orl-0021900185
2019-11-17,https://www.nba.com/game/den-vs-mem-0021900186
2019-11-17,https://www.nba.com/game/gsw-vs-nop-0021900187
2019-11-17,https://www.nba.com/game/atl-vs-lal-0021900188
2019-11-18,https://www.nba.com/game/cle-vs-nyk-0021900189
2019-11-18,https://www.nba.com/game/ind-vs-bkn-0021900190
2019-11-18,https://www.nba.com/game/cha-vs-tor-0021900191
2019-11-18,https://www.nba.com/game/mil-vs-chi-0021900192
2019-11-18,https://www.nba.com/game/por-vs-hou-0021900193
2019-11-18,https://www.nba.com/game/sas-vs-dal-0021900194
2019-11-18,https://www.nba.com/game/bos-vs-phx-0021900195
2019-11-18,https://www.nba.com/game/min-vs-uta-0021900196
2019-11-18,https://www.nba.com/game/okc-vs-lac-0021900197
2019-11-19,https://www.nba.com/game/gsw-vs-mem-0021900198
2019-11-19,https://www.nba.com/game/por-vs-nop-0021900199
2019-11-19,https://www.nba.com/game/phx-vs-sac-0021900200
2019-11-19,https://www.nba.com/game/okc-vs-lal-0021900201
2019-11-20,https://www.nba.com/game/nyk-vs-phi-0021900202
2019-11-20,https://www.nba.com/game/sas-vs-was-0021900203
2019-11-20,https://www.nba.com/game/mil-vs-atl-0021900204
2019-11-20,https://www.nba.com/game/cha-vs-bkn-0021900205
2019-11-20,https://www.nba.com/game/cle-vs-mia-0021900206
2019-11-20,https://www.nba.com/game/orl-vs-tor-0021900207
2019-11-20,https://www.nba.com/game/gsw-vs-dal-0021900208
2019-11-20,https://www.nba.com/game/det-vs-chi-0021900209
2019-11-20,https://www.nba.com/game/uta-vs-min-0021900210
2019-11-20,https://www.nba.com/game/hou-vs-den-0021900211
2019-11-20,https://www.nba.com/game/bos-vs-lac-0021900212
2019-11-21,https://www.nba.com/game/por-vs-mil-0021900213
2019-11-21,https://www.nba.com/game/nop-vs-phx-0021900214
2019-11-22,https://www.nba.com/game/atl-vs-det-0021900215
2019-11-22,https://www.nba.com/game/cha-vs-was-0021900216
2019-11-22,https://www.nba.com/game/sac-vs-bkn-0021900217
2019-11-22,https://www.nba.com/game/sas-vs-phi-0021900218
2019-11-22,https://www.nba.com/game/mia-vs-chi-0021900219
2019-11-22,https://www.nba.com/game/lal-vs-okc-0021900220
2019-11-22,https://www.nba.com/game/cle-vs-dal-0021900221
2019-11-22,https://www.nba.com/game/bos-vs-den-0021900222
2019-11-22,https://www.nba.com/game/gsw-vs-uta-0021900223
2019-11-22,https://www.nba.com/game/hou-vs-lac-0021900224
2019-11-23,https://www.nba.com/game/phx-vs-min-0021900225
2019-11-23,https://www.nba.com/game/chi-vs-cha-0021900226
2019-11-23,https://www.nba.com/game/orl-vs-ind-0021900227
2019-11-23,https://www.nba.com/game/tor-vs-atl-0021900228
2019-11-23,https://www.nba.com/game/sas-vs-nyk-0021900229
2019-11-23,https://www.nba.com/game/mia-vs-phi-0021900230
2019-11-23,https://www.nba.com/game/por-vs-cle-0021900231
2019-11-23,https://www.nba.com/game/lal-vs-mem-0021900232
2019-11-23,https://www.nba.com/game/det-vs-mil-0021900233
2019-11-23,https://www.nba.com/game/nop-vs-uta-0021900234
2019-11-24,https://www.nba.com/game/dal-vs-hou-0021900235
2019-11-24,https://www.nba.com/game/bkn-vs-nyk-0021900236
2019-11-24,https://www.nba.com/game/sac-vs-was-0021900237
2019-11-24,https://www.nba.com/game/phx-vs-den-0021900238
2019-11-24,https://www.nba.com/game/nop-vs-lac-0021900239
2019-11-25,https://www.nba.com/game/bkn-vs-cle-0021900240
2019-11-25,https://www.nba.com/game/orl-vs-det-0021900241
2019-11-25,https://www.nba.com/game/mem-vs-ind-0021900242
2019-11-25,https://www.nba.com/game/min-vs-atl-0021900243
2019-11-25,https://www.nba.com/game/sac-vs-bos-0021900244
2019-11-25,https://www.nba.com/game/cha-vs-mia-0021900245
2019-11-25,https://www.nba.com/game/phi-vs-tor-0021900246
2019-11-25,https://www.nba.com/game/por-vs-chi-0021900247
2019-11-25,https://www.nba.com/game/uta-vs-mil-0021900248
2019-11-25,https://www.nba.com/game/lal-vs-sas-0021900249
2019-11-25,https://www.nba.com/game/okc-vs-gsw-0021900250
2019-11-26,https://www.nba.com/game/lac-vs-dal-0021900251
2019-11-26,https://www.nba.com/game/was-vs-den-0021900252
2019-11-27,https://www.nba.com/game/bkn-vs-bos-0021900253
2019-11-27,https://www.nba.com/game/det-vs-cha-0021900254
2019-11-27,https://www.nba.com/game/orl-vs-cle-0021900255
2019-11-27,https://www.nba.com/game/uta-vs-ind-0021900256
2019-11-27,https://www.nba.com/game/sac-vs-phi-0021900257
2019-11-27,https://www.nba.com/game/nyk-vs-tor-0021900258
2019-11-27,https://www.nba.com/game/mia-vs-hou-0021900259
2019-11-27,https://www.nba.com/game/lac-vs-mem-0021900260
2019-11-27,https://www.nba.com/game/atl-vs-mil-0021900261
2019-11-27,https://www.nba.com/game/min-vs-sas-0021900262
2019-11-27,https://www.nba.com/game/was-vs-phx-0021900263
2019-11-27,https://www.nba.com/game/lal-vs-nop-0021900264
2019-11-27,https://www.nba.com/game/okc-vs-por-0021900265
2019-11-27,https://www.nba.com/game/chi-vs-gsw-0021900266
2019-11-29,https://www.nba.com/game/bos-vs-bkn-0021900267
2019-11-29,https://www.nba.com/game/cha-vs-det-0021900268
2019-11-29,https://www.nba.com/game/tor-vs-orl-0021900269
2019-11-29,https://www.nba.com/game/mil-vs-cle-0021900270
2019-11-29,https://www.nba.com/game/phi-vs-nyk-0021900271
2019-11-29,https://www.nba.com/game/atl-vs-ind-0021900272
2019-11-29,https://www.nba.com/game/gsw-vs-mia-0021900273
2019-11-29,https://www.nba.com/game/uta-vs-mem-0021900274
2019-11-29,https://www.nba.com/game/nop-vs-okc-0021900275
2019-11-29,https://www.nba.com/game/lac-vs-sas-0021900276
2019-11-29,https://www.nba.com/game/dal-vs-phx-0021900277
2019-11-29,https://www.nba.com/game/chi-vs-por-0021900278
2019-11-29,https://www.nba.com/game/was-vs-lal-0021900279
2019-11-30,https://www.nba.com/game/den-vs-sac-0021900280
2019-11-30,https://www.nba.com/game/ind-vs-phi-0021900281
2019-11-30,https://www.nba.com/game/atl-vs-hou-0021900282
2019-11-30,https://www.nba.com/game/cha-vs-mil-0021900283
2019-12-01,https://www.nba.com/game/mia-vs-bkn-0021900284
2019-12-01,https://www.nba.com/game/bos-vs-nyk-0021900285
2019-12-01,https://www.nba.com/game/mem-vs-min-0021900286
2019-12-01,https://www.nba.com/game/dal-vs-lal-0021900287
2019-12-01,https://www.nba.com/game/sas-vs-det-0021900288
2019-12-01,https://www.nba.com/game/okc-vs-nop-0021900289
2019-12-01,https://www.nba.com/game/gsw-vs-orl-0021900290
2019-12-01,https://www.nba.com/game/uta-vs-tor-0021900291
2019-12-01,https://www.nba.com/game/was-vs-lac-0021900292
2019-12-02,https://www.nba.com/game/phx-vs-cha-0021900293
2019-12-02,https://www.nba.com/game/uta-vs-phi-0021900294
2019-12-02,https://www.nba.com/game/gsw-vs-atl-0021900295
2019-12-02,https://www.nba.com/game/ind-vs-mem-0021900296
2019-12-02,https://www.nba.com/game/nyk-vs-mil-0021900297
2019-12-02,https://www.nba.com/game/chi-vs-sac-0021900298
2019-12-03,https://www.nba.com/game/det-vs-cle-0021900299
2019-12-03,https://www.nba.com/game/orl-vs-was-0021900300
2019-12-03,https://www.nba.com/game/mia-vs-tor-0021900301
2019-12-03,https://www.nba.com/game/dal-vs-nop-0021900302
2019-12-03,https://www.nba.com/game/hou-vs-sas-0021900303
2019-12-03,https://www.nba.com/game/lal-vs-den-0021900304
2019-12-03,https://www.nba.com/game/por-vs-lac-0021900305
2019-12-04,https://www.nba.com/game/gsw-vs-cha-0021900306
2019-12-04,https://www.nba.com/game/mil-vs-det-0021900307
2019-12-04,https://www.nba.com/game/phx-vs-orl-0021900308
2019-12-04,https://www.nba.com/game/bkn-vs-atl-0021900309
2019-12-04,https://www.nba.com/game/mia-vs-bos-0021900310
2019-12-04,https://www.nba.com/game/mem-vs-chi-0021900311
2019-12-04,https://www.nba.com/game/ind-vs-okc-0021900312
2019-12-04,https://www.nba.com/game/min-vs-dal-0021900313
2019-12-04,https://www.nba.com/game/lal-vs-uta-0021900314
2019-12-04,https://www.nba.com/game/sac-vs-por-0021900315
2019-12-05,https://www.nba.com/game/phi-vs-was-0021900316
2019-12-05,https://www.nba.com/game/den-vs-nyk-0021900317
2019-12-05,https://www.nba.com/game/hou-vs-tor-0021900318
2019-12-05,https://www.nba.com/game/phx-vs-nop-0021900319
2019-12-06,https://www.nba.com/game/bkn-vs-cha-0021900320
2019-12-06,https://www.nba.com/game/orl-vs-cle-0021900321
2019-12-06,https://www.nba.com/game/ind-vs-det-0021900322
2019-12-06,https://www.nba.com/game/den-vs-bos-0021900323
2019-12-06,https://www.nba.com/game/was-vs-mia-0021900324
2019-12-06,https://www.nba.com/game/gsw-vs-chi-0021900325
2019-12-06,https://www.nba.com/game/min-vs-okc-0021900326
2019-12-06,https://www.nba.com/game/lac-vs-mil-0021900327
2019-12-06,https://www.nba.com/game/sac-vs-sas-0021900328
2019-12-06,https://www.nba.com/game/lal-vs-por-0021900329
2019-12-07,https://www.nba.com/game/nop-vs-dal-0021900330
2019-12-07,https://www.nba.com/game/ind-vs-nyk-0021900331
2019-12-07,https://www.nba.com/game/cle-vs-phi-0021900332
2019-12-07,https://www.nba.com/game/phx-vs-hou-0021900333
2019-12-07,https://www.nba.com/game/mem-vs-uta-0021900334
2019-12-08,https://www.nba.com/game/den-vs-bkn-0021900335
2019-12-08,https://www.nba.com/game/atl-vs-cha-0021900336
2019-12-08,https://www.nba.com/game/chi-vs-mia-0021900337
2019-12-08,https://www.nba.com/game/tor-vs-phi-0021900338
2019-12-08,https://www.nba.com/game/lac-vs-was-0021900339
2019-12-08,https://www.nba.com/game/sac-vs-dal-0021900340
2019-12-08,https://www.nba.com/game/okc-vs-por-0021900341
2019-12-08,https://www.nba.com/game/min-vs-lal-0021900342
2019-12-09,https://www.nba.com/game/lac-vs-ind-0021900343
2019-12-09,https://www.nba.com/game/cle-vs-bos-0021900344
2019-12-09,https://www.nba.com/game/tor-vs-chi-0021900345
2019-12-09,https://www.nba.com/game/sac-vs-hou-0021900346
2019-12-09,https://www.nba.com/game/orl-vs-mil-0021900347
2019-12-09,https://www.nba.com/game/det-vs-nop-0021900348
2019-12-09,https://www.nba.com/game/min-vs-phx-0021900349
2019-12-09,https://www.nba.com/game/okc-vs-uta-0021900350
2019-12-09,https://www.nba.com/game/mem-vs-gsw-0021900351
2019-12-10,https://www.nba.com/game/was-vs-cha-0021900352
2019-12-10,https://www.nba.com/game/den-vs-phi-0021900353
2019-12-10,https://www.nba.com/game/atl-vs-mia-0021900354
2019-12-10,https://www.nba.com/game/nyk-vs-por-0021900355
2019-12-11,https://www.nba.com/game/hou-vs-cle-0021900356
2019-12-11,https://www.nba.com/game/bos-vs-ind-0021900357
2019-12-11,https://www.nba.com/game/lal-vs-orl-0021900358
2019-12-11,https://www.nba.com/game/lac-vs-tor-0021900359
2019-12-11,https://www.nba.com/game/cha-vs-bkn-0021900360
2019-12-11,https://www.nba.com/game/atl-vs-chi-0021900361
2019-12-11,https://www.nba.com/game/uta-vs-min-0021900362
2019-12-11,https://www.nba.com/game/mem-vs-phx-0021900363
2019-12-11,https://www.nba.com/game/nop-vs-mil-0021900364
2019-12-11,https://www.nba.com/game/okc-vs-sac-0021900365
2019-12-11,https://www.nba.com/game/nyk-vs-gsw-0021900366
2019-12-12,https://www.nba.com/game/phi-vs-bos-0021900367
2019-12-12,https://www.nba.com/game/cle-vs-sas-0021900368
2019-12-12,https://www.nba.com/game/dal-vs-det-0021900369
2019-12-12,https://www.nba.com/game/por-vs-den-0021900370
2019-12-13,https://www.nba.com/game/hou-vs-orl-0021900371
2019-12-13,https://www.nba.com/game/nop-vs-phi-0021900372
2019-12-13,https://www.nba.com/game/lal-vs-mia-0021900374
2019-12-13,https://www.nba.com/game/ind-vs-atl-0021900373
2019-12-13,https://www.nba.com/game/cha-vs-chi-0021900375
2019-12-13,https://www.nba.com/game/mil-vs-mem-0021900376
2019-12-13,https://www.nba.com/game/gsw-vs-uta-0021900379
2019-12-13,https://www.nba.com/game/lac-vs-min-0021900377
2019-12-13,https://www.nba.com/game/nyk-vs-sac-0021900378
2019-12-14,https://www.nba.com/game/sas-vs-phx-0021900380
2019-12-14,https://www.nba.com/game/bkn-vs-tor-0021900381
2019-12-14,https://www.nba.com/game/lac-vs-chi-0021900382
2019-12-14,https://www.nba.com/game/was-vs-mem-0021900383
2019-12-14,https://www.nba.com/game/mia-vs-dal-0021900384
2019-12-14,https://www.nba.com/game/cle-vs-mil-0021900385
2019-12-14,https://www.nba.com/game/det-vs-hou-0021900386
2019-12-14,https://www.nba.com/game/okc-vs-den-0021900387
2019-12-15,https://www.nba.com/game/orl-vs-nop-0021900388
2019-12-15,https://www.nba.com/game/cha-vs-ind-0021900389
2019-12-15,https://www.nba.com/game/lal-vs-atl-0021900390
2019-12-15,https://www.nba.com/game/phi-vs-bkn-0021900391
2019-12-15,https://www.nba.com/game/nyk-vs-den-0021900392
2019-12-15,https://www.nba.com/game/sac-vs-gsw-0021900393
2019-12-16,https://www.nba.com/game/was-vs-det-0021900394
2019-12-16,https://www.nba.com/game/cle-vs-tor-0021900395
2019-12-16,https://www.nba.com/game/sas-vs-hou-0021900396
2019-12-16,https://www.nba.com/game/mia-vs-mem-0021900397
2019-12-16,https://www.nba.com/game/dal-vs-mil-0021900398
2019-12-16,https://www.nba.com/game/chi-vs-okc-0021900399
2019-12-16,https://www.nba.com/game/por-vs-phx-0021900400
2019-12-17,https://www.nba.com/game/sac-vs-cha-0021900401
2019-12-17,https://www.nba.com/game/lal-vs-ind-0021900402
2019-12-17,https://www.nba.com/game/atl-vs-nyk-0021900403
2019-12-17,https://www.nba.com/game/bkn-vs-nop-0021900404
2019-12-17,https://www.nba.com/game/orl-vs-uta-0021900405
2019-12-17,https://www.nba.com/game/phx-vs-lac-0021900406
2019-12-18,https://www.nba.com/game/cha-vs-cle-0021900407
2019-12-18,https://www.nba.com/game/tor-vs-det-0021900408
2019-12-18,https://www.nba.com/game/chi-vs-was-0021900409
2019-12-18,https://www.nba.com/game/mia-vs-phi-0021900410
2019-12-18,https://www.nba.com/game/nop-vs-min-0021900411
2019-12-18,https://www.nba.com/game/mem-vs-okc-0021900412
2019-12-18,https://www.nba.com/game/orl-vs-den-0021900414
2019-12-18,https://www.nba.com/game/bos-vs-dal-0021900413
2019-12-18,https://www.nba.com/game/gsw-vs-por-0021900415
2019-12-19,https://www.nba.com/game/uta-vs-atl-0021900416
2019-12-19,https://www.nba.com/game/lal-vs-mil-0021900417
2019-12-19,https://www.nba.com/game/bkn-vs-sas-0021900418
2019-12-19,https://www.nba.com/game/hou-vs-lac-0021900419
2019-12-20,https://www.nba.com/game/mem-vs-cle-0021900420
2019-12-20,https://www.nba.com/game/sac-vs-ind-0021900421
2019-12-20,https://www.nba.com/game/det-vs-bos-0021900422
2019-12-20,https://www.nba.com/game/was-vs-tor-0021900423
2019-12-20,https://www.nba.com/game/nyk-vs-mia-0021900424
2019-12-20,https://www.nba.com/game/dal-vs-phi-0021900425
2019-12-20,https://www.nba.com/game/phx-vs-okc-0021900426
2019-12-20,https://www.nba.com/game/min-vs-den-0021900427
2019-12-20,https://www.nba.com/game/orl-vs-por-0021900428
2019-12-20,https://www.nba.com/game/nop-vs-gsw-0021900429
2019-12-21,https://www.nba.com/game/uta-vs-cha-0021900430
2019-12-21,https://www.nba.com/game/atl-vs-bkn-0021900431
2019-12-21,https://www.nba.com/game/chi-vs-det-0021900432
2019-12-21,https://www.nba.com/game/was-vs-phi-0021900433
2019-12-21,https://www.nba.com/game/mil-vs-nyk-0021900434
2019-12-21,https://www.nba.com/game/sac-vs-mem-0021900435
2019-12-21,https://www.nba.com/game/lac-vs-sas-0021900436
2019-12-21,https://www.nba.com/game/hou-vs-phx-0021900437
2019-12-21,https://www.nba.com/game/min-vs-por-0021900438
2019-12-22,https://www.nba.com/game/dal-vs-tor-0021900439
2019-12-22,https://www.nba.com/game/cha-vs-bos-0021900440
2019-12-22,https://www.nba.com/game/ind-vs-mil-0021900441
2019-12-22,https://www.nba.com/game/lac-vs-okc-0021900442
2019-12-22,https://www.nba.com/game/den-vs-lal-0021900443
2019-12-23,https://www.nba.com/game/atl-vs-cle-0021900444
2019-12-23,https://www.nba.com/game/phi-vs-det-0021900445
2019-12-23,https://www.nba.com/game/tor-vs-ind-0021900446
2019-12-23,https://www.nba.com/game/was-vs-nyk-0021900447
2019-12-23,https://www.nba.com/game/chi-vs-orl-0021900448
2019-12-23,https://www.nba.com/game/uta-vs-mia-0021900449
2019-12-23,https://www.nba.com/game/sas-vs-mem-0021900450
2019-12-23,https://www.nba.com/game/den-vs-phx-0021900451
2019-12-23,https://www.nba.com/game/nop-vs-por-0021900452
2019-12-23,https://www.nba.com/game/hou-vs-sac-0021900453
2019-12-23,https://www.nba.com/game/min-vs-gsw-0021900454
2019-12-25,https://www.nba.com/game/bos-vs-tor-0021900455
2019-12-25,https://www.nba.com/game/mil-vs-phi-0021900456
2019-12-25,https://www.nba.com/game/hou-vs-gsw-0021900457
2019-12-25,https://www.nba.com/game/lac-vs-lal-0021900458
2019-12-25,https://www.nba.com/game/nop-vs-den-0021900459
2019-12-26,https://www.nba.com/game/was-vs-det-0021900460
2019-12-26,https://www.nba.com/game/nyk-vs-bkn-0021900461
2019-12-26,https://www.nba.com/game/mem-vs-okc-0021900462
2019-12-26,https://www.nba.com/game/sas-vs-dal-0021900463
2019-12-26,https://www.nba.com/game/min-vs-sac-0021900464
2019-12-26,https://www.nba.com/game/por-vs-uta-0021900465
2019-12-27,https://www.nba.com/game/cle-vs-bos-0021900466
2019-12-27,https://www.nba.com/game/okc-vs-cha-0021900467
2019-12-27,https://www.nba.com/game/phi-vs-orl-0021900468
2019-12-27,https://www.nba.com/game/mil-vs-atl-0021900469
2019-12-27,https://www.nba.com/game/ind-vs-mia-0021900470
2019-12-27,https://www.nba.com/game/phx-vs-gsw-0021900471
2019-12-28,https://www.nba.com/game/mem-vs-den-0021900472
2019-12-28,https://www.nba.com/game/tor-vs-bos-0021900473
2019-12-28,https://www.nba.com/game/ind-vs-nop-0021900474
2019-12-28,https://www.nba.com/game/phi-vs-mia-0021900475
2019-12-28,https://www.nba.com/game/nyk-vs-was-0021900476
2019-12-28,https://www.nba.com/game/atl-vs-chi-0021900477
2019-12-28,https://www.nba.com/game/bkn-vs-hou-0021900478
2019-12-28,https://www.nba.com/game/cle-vs-min-0021900479
2019-12-28,https://www.nba.com/game/orl-vs-mil-0021900480
2019-12-28,https://www.nba.com/game/det-vs-sas-0021900481
2019-12-28,https://www.nba.com/game/dal-vs-gsw-0021900482
2019-12-28,https://www.nba.com/game/phx-vs-sac-0021900483
2019-12-28,https://www.nba.com/game/lal-vs-por-0021900484
2019-12-28,https://www.nba.com/game/uta-vs-lac-0021900485
2019-12-29,https://www.nba.com/game/okc-vs-tor-0021900486
2019-12-29,https://www.nba.com/game/cha-vs-mem-0021900487
2019-12-29,https://www.nba.com/game/hou-vs-nop-0021900488
2019-12-29,https://www.nba.com/game/sac-vs-den-0021900489
2019-12-29,https://www.nba.com/game/dal-vs-lal-0021900490
2019-12-30,https://www.nba.com/game/atl-vs-orl-0021900491
2019-12-30,https://www.nba.com/game/mia-vs-was-0021900492
2019-12-30,https://www.nba.com/game/mil-vs-chi-0021900493
2019-12-30,https://www.nba.com/game/bkn-vs-min-0021900494
2019-12-30,https://www.nba.com/game/det-vs-uta-0021900495
2019-12-30,https://www.nba.com/game/phx-vs-por-0021900496
2019-12-31,https://www.nba.com/game/bos-vs-cha-0021900497
2019-12-31,https://www.nba.com/game/phi-vs-ind-0021900498
2019-12-31,https://www.nba.com/game/lac-vs-sac-0021900499
2019-12-31,https://www.nba.com/game/cle-vs-tor-0021900500
2019-12-31,https://www.nba.com/game/den-vs-hou-0021900501
2019-12-31,https://www.nba.com/game/gsw-vs-sas-0021900502
2019-12-31,https://www.nba.com/game/dal-vs-okc-0021900503
2020-01-01,https://www.nba.com/game/orl-vs-was-0021900504
2020-01-01,https://www.nba.com/game/por-vs-nyk-0021900505
2020-01-01,https://www.nba.com/game/min-vs-mil-0021900506
2020-01-01,https://www.nba.com/game/phx-vs-lal-0021900507
2020-01-02,https://www.nba.com/game/cha-vs-cle-0021900508
2020-01-02,https://www.nba.com/game/den-vs-ind-0021900509
2020-01-02,https://www.nba.com/game/tor-vs-mia-0021900510
2020-01-02,https://www.nba.com/game/uta-vs-chi-0021900511
2020-01-02,https://www.nba.com/game/gsw-vs-min-0021900512
2020-01-02,https://www.nba.com/game/bkn-vs-dal-0021900513
2020-01-02,https://www.nba.com/game/okc-vs-sas-0021900514
2020-01-02,https://www.nba.com/game/mem-vs-sac-0021900515
2020-01-02,https://www.nba.com/game/det-vs-lac-0021900516
2020-01-03,https://www.nba.com/game/atl-vs-bos-0021900517
2020-01-03,https://www.nba.com/game/mia-vs-orl-0021900518
2020-01-03,https://www.nba.com/game/por-vs-was-0021900519
2020-01-03,https://www.nba.com/game/phi-vs-hou-0021900520
2020-01-03,https://www.nba.com/game/nyk-vs-phx-0021900521
2020-01-03,https://www.nba.com/game/nop-vs-lal-0021900522
2020-01-04,https://www.nba.com/game/mem-vs-lac-0021900523
2020-01-04,https://www.nba.com/game/tor-vs-bkn-0021900524
2020-01-04,https://www.nba.com/game/uta-vs-orl-0021900525
2020-01-04,https://www.nba.com/game/ind-vs-atl-0021900526
2020-01-04,https://www.nba.com/game/okc-vs-cle-0021900527
2020-01-04,https://www.nba.com/game/den-vs-was-0021900528
2020-01-04,https://www.nba.com/game/bos-vs-chi-0021900529
2020-01-04,https://www.nba.com/game/cha-vs-dal-0021900530
2020-01-04,https://www.nba.com/game/sas-vs-mil-0021900531
2020-01-04,https://www.nba.com/game/det-vs-gsw-0021900532
2020-01-04,https://www.nba.com/game/nop-vs-sac-0021900533
2020-01-05,https://www.nba.com/game/nyk-vs-lac-0021900534
2020-01-05,https://www.nba.com/game/por-vs-mia-0021900535
2020-01-05,https://www.nba.com/game/min-vs-cle-0021900536
2020-01-05,https://www.nba.com/game/mem-vs-phx-0021900537
2020-01-05,https://www.nba.com/game/det-vs-lal-0021900538
2020-01-06,https://www.nba.com/game/ind-vs-cha-0021900539
2020-01-06,https://www.nba.com/game/bkn-vs-orl-0021900540
2020-01-06,https://www.nba.com/game/okc-vs-phi-0021900541
2020-01-06,https://www.nba.com/game/bos-vs-was-0021900542
2020-01-06,https://www.nba.com/game/den-vs-atl-0021900543
2020-01-06,https://www.nba.com/game/uta-vs-nop-0021900544
2020-01-06,https://www.nba.com/game/chi-vs-dal-0021900545
2020-01-06,https://www.nba.com/game/mil-vs-sas-0021900546
2020-01-06,https://www.nba.com/game/gsw-vs-sac-0021900547
2020-01-07,https://www.nba.com/game/det-vs-cle-0021900548
2020-01-07,https://www.nba.com/game/por-vs-tor-0021900549
2020-01-07,https://www.nba.com/game/okc-vs-bkn-0021900550
2020-01-07,https://www.nba.com/game/min-vs-mem-0021900551
2020-01-07,https://www.nba.com/game/sac-vs-phx-0021900552
2020-01-07,https://www.nba.com/game/nyk-vs-lal-0021900553
2020-01-08,https://www.nba.com/game/sas-vs-bos-0021900554
2020-01-08,https://www.nba.com/game/tor-vs-cha-0021900555
2020-01-08,https://www.nba.com/game/mia-vs-ind-0021900556
2020-01-08,https://www.nba.com/game/was-vs-orl-0021900557
2020-01-08,https://www.nba.com/game/hou-vs-atl-0021900558
2020-01-08,https://www.nba.com/game/den-vs-dal-0021900559
2020-01-08,https://www.nba.com/game/chi-vs-nop-0021900560
2020-01-08,https://www.nba.com/game/nyk-vs-uta-0021900561
2020-01-08,https://www.nba.com/game/mil-vs-gsw-0021900562
2020-01-09,https://www.nba.com/game/cle-vs-det-0021900563
2020-01-09,https://www.nba.com/game/bos-vs-phi-0021900564
2020-01-09,https://www.nba.com/game/por-vs-min-0021900565
2020-01-09,https://www.nba.com/game/hou-vs-okc-0021900566
2020-01-10,https://www.nba.com/game/atl-vs-was-0021900567
2020-01-10,https://www.nba.com/game/nop-vs-nyk-0021900569
2020-01-10,https://www.nba.com/game/mia-vs-bkn-0021900568
2020-01-10,https://www.nba.com/game/ind-vs-chi-0021900570
2020-01-10,https://www.nba.com/game/sas-vs-mem-0021900571
2020-01-10,https://www.nba.com/game/orl-vs-phx-0021900573
2020-01-10,https://www.nba.com/game/cha-vs-uta-0021900574
2020-01-10,https://www.nba.com/game/lal-vs-dal-0021900572
2020-01-10,https://www.nba.com/game/mil-vs-sac-0021900575
2020-01-10,https://www.nba.com/game/gsw-vs-lac-0021900576
2020-01-11,https://www.nba.com/game/min-vs-hou-0021900577
2020-01-11,https://www.nba.com/game/nop-vs-bos-0021900578
2020-01-11,https://www.nba.com/game/chi-vs-det-0021900579
2020-01-11,https://www.nba.com/game/lal-vs-okc-0021900580
2020-01-11,https://www.nba.com/game/phi-vs-dal-0021900581
2020-01-11,https://www.nba.com/game/cle-vs-den-0021900582
2020-01-11,https://www.nba.com/game/mil-vs-por-0021900583
2020-01-12,https://www.nba.com/game/mia-vs-nyk-0021900584
2020-01-12,https://www.nba.com/game/uta-vs-was-0021900585
2020-01-12,https://www.nba.com/game/atl-vs-bkn-0021900586
2020-01-12,https://www.nba.com/game/sas-vs-tor-0021900587
2020-01-12,https://www.nba.com/game/gsw-vs-mem-0021900588
2020-01-12,https://www.nba.com/game/lac-vs-den-0021900589
2020-01-12,https://www.nba.com/game/cha-vs-phx-0021900590
2020-01-13,https://www.nba.com/game/nop-vs-det-0021900591
2020-01-13,https://www.nba.com/game/phi-vs-ind-0021900592
2020-01-13,https://www.nba.com/game/chi-vs-bos-0021900593
2020-01-13,https://www.nba.com/game/okc-vs-min-0021900594
2020-01-13,https://www.nba.com/game/cha-vs-por-0021900595
2020-01-13,https://www.nba.com/game/orl-vs-sac-0021900596
2020-01-13,https://www.nba.com/game/cle-vs-lal-0021900597
2020-01-14,https://www.nba.com/game/phx-vs-atl-0021900598
2020-01-14,https://www.nba.com/game/uta-vs-bkn-0021900599
2020-01-14,https://www.nba.com/game/hou-vs-mem-0021900600
2020-01-14,https://www.nba.com/game/nyk-vs-mil-0021900601
2020-01-14,https://www.nba.com/game/dal-vs-gsw-0021900602
2020-01-14,https://www.nba.com/game/cle-vs-lac-0021900603
2020-01-15,https://www.nba.com/game/det-vs-bos-0021900604
2020-01-15,https://www.nba.com/game/bkn-vs-phi-0021900605
2020-01-15,https://www.nba.com/game/sas-vs-mia-0021900606
2020-01-15,https://www.nba.com/game/was-vs-chi-0021900607
2020-01-15,https://www.nba.com/game/ind-vs-min-0021900608
2020-01-15,https://www.nba.com/game/tor-vs-okc-0021900609
2020-01-15,https://www.nba.com/game/cha-vs-den-0021900610
2020-01-15,https://www.nba.com/game/por-vs-hou-0021900611
2020-01-15,https://www.nba.com/game/dal-vs-sac-0021900612
2020-01-15,https://www.nba.com/game/orl-vs-lal-0021900613
2020-01-16,https://www.nba.com/game/phx-vs-nyk-0021900614
2020-01-16,https://www.nba.com/game/bos-vs-mil-0021900615
2020-01-16,https://www.nba.com/game/uta-vs-nop-0021900616
2020-01-16,https://www.nba.com/game/den-vs-gsw-0021900617
2020-01-16,https://www.nba.com/game/orl-vs-lac-0021900618
2020-01-17,https://www.nba.com/game/min-vs-ind-0021900619
2020-01-17,https://www.nba.com/game/chi-vs-phi-0021900620
2020-01-17,https://www.nba.com/game/was-vs-tor-0021900621
2020-01-17,https://www.nba.com/game/cle-vs-mem-0021900622
2020-01-17,https://www.nba.com/game/mia-vs-okc-0021900623
2020-01-17,https://www.nba.com/game/atl-vs-sas-0021900624
2020-01-17,https://www.nba.com/game/por-vs-dal-0021900625
2020-01-18,https://www.nba.com/game/lac-vs-nop-0021900626
2020-01-18,https://www.nba.com/game/mil-vs-bkn-0021900627
2020-01-18,https://www.nba.com/game/phx-vs-bos-0021900628
2020-01-18,https://www.nba.com/game/det-vs-atl-0021900629
2020-01-18,https://www.nba.com/game/phi-vs-nyk-0021900630
2020-01-18,https://www.nba.com/game/cle-vs-chi-0021900631
2020-01-18,https://www.nba.com/game/tor-vs-min-0021900632
2020-01-18,https://www.nba.com/game/lal-vs-hou-0021900633
2020-01-18,https://www.nba.com/game/orl-vs-gsw-0021900634
2020-01-18,https://www.nba.com/game/por-vs-okc-0021900635
2020-01-18,https://www.nba.com/game/sac-vs-uta-0021900636
2020-01-19,https://www.nba.com/game/mia-vs-sas-0021900637
2020-01-19,https://www.nba.com/game/ind-vs-den-0021900638
2020-01-20,https://www.nba.com/game/det-vs-was-0021900639
2020-01-20,https://www.nba.com/game/tor-vs-atl-0021900640
2020-01-20,https://www.nba.com/game/phi-vs-bkn-0021900641
2020-01-20,https://www.nba.com/game/orl-vs-cha-0021900642
2020-01-20,https://www.nba.com/game/nyk-vs-cle-0021900643
2020-01-20,https://www.nba.com/game/sac-vs-mia-0021900644
2020-01-20,https://www.nba.com/game/okc-vs-hou-0021900645
2020-01-20,https://www.nba.com/game/nop-vs-mem-0021900646
2020-01-20,https://www.nba.com/game/chi-vs-mil-0021900647
2020-01-20,https://www.nba.com/game/lal-vs-bos-0021900648
2020-01-20,https://www.nba.com/game/den-vs-min-0021900649
2020-01-20,https://www.nba.com/game/sas-vs-phx-0021900650
2020-01-20,https://www.nba.com/game/ind-vs-uta-0021900651
2020-01-20,https://www.nba.com/game/gsw-vs-por-0021900652
2020-01-21,https://www.nba.com/game/lac-vs-dal-0021900653
2020-01-22,https://www.nba.com/game/sac-vs-det-0021900654
2020-01-22,https://www.nba.com/game/okc-vs-orl-0021900655
2020-01-22,https://www.nba.com/game/phi-vs-tor-0021900660
2020-01-22,https://www.nba.com/game/lac-vs-atl-0021900656
2020-01-22,https://www.nba.com/game/mem-vs-bos-0021900657
2020-01-22,https://www.nba.com/game/was-vs-mia-0021900658
2020-01-22,https://www.nba.com/game/lal-vs-nyk-0021900659
2020-01-22,https://www.nba.com/game/min-vs-chi-0021900661
2020-01-22,https://www.nba.com/game/den-vs-hou-0021900662
2020-01-22,https://www.nba.com/game/ind-vs-phx-0021900664
2020-01-22,https://www.nba.com/game/sas-vs-nop-0021900663
2020-01-22,https://www.nba.com/game/uta-vs-gsw-0021900665
2020-01-23,https://www.nba.com/game/was-vs-cle-0021900666
2020-01-23,https://www.nba.com/game/lal-vs-bkn-0021900667
2020-01-23,https://www.nba.com/game/dal-vs-por-0021900668
2020-01-24,https://www.nba.com/game/mil-vs-cha-0021900669
2020-01-24,https://www.nba.com/game/mem-vs-det-0021900670
2020-01-24,https://www.nba.com/game/bos-vs-orl-0021900671
2020-01-24,https://www.nba.com/game/tor-vs-nyk-0021900672
2020-01-24,https://www.nba.com/game/lac-vs-mia-0021900673
2020-01-24,https://www.nba.com/game/sac-vs-chi-0021900674
2020-01-24,https://www.nba.com/game/hou-vs-min-0021900675
2020-01-24,https://www.nba.com/game/den-vs-nop-0021900676
2020-01-24,https://www.nba.com/game/atl-vs-okc-0021900677
2020-01-24,https://www.nba.com/game/phx-vs-sas-0021900678
2020-01-24,https://www.nba.com/game/ind-vs-gsw-0021900679
2020-01-25,https://www.nba.com/game/dal-vs-uta-0021900680
2020-01-25,https://www.nba.com/game/bkn-vs-det-0021900681
2020-01-25,https://www.nba.com/game/chi-vs-cle-0021900682
2020-01-25,https://www.nba.com/game/okc-vs-min-0021900683
2020-01-25,https://www.nba.com/game/lal-vs-phi-0021900684
2020-01-26,https://www.nba.com/game/hou-vs-den-0021900685
2020-01-26,https://www.nba.com/game/tor-vs-sas-0021900686
2020-01-26,https://www.nba.com/game/was-vs-atl-0021900687
2020-01-26,https://www.nba.com/game/bkn-vs-nyk-0021900688
2020-01-26,https://www.nba.com/game/lac-vs-orl-0021900689
2020-01-26,https://www.nba.com/game/phx-vs-mem-0021900690
2020-01-26,https://www.nba.com/game/bos-vs-nop-0021900691
2020-01-26,https://www.nba.com/game/ind-vs-por-0021900692
2020-01-27,https://www.nba.com/game/cle-vs-det-0021900693
2020-01-27,https://www.nba.com/game/orl-vs-mia-0021900694
2020-01-27,https://www.nba.com/game/sas-vs-chi-0021900695
2020-01-27,https://www.nba.com/game/sac-vs-min-0021900696
2020-01-27,https://www.nba.com/game/dal-vs-okc-0021900697
2020-01-27,https://www.nba.com/game/hou-vs-uta-0021900698
2020-01-28,https://www.nba.com/game/nyk-vs-cha-0021900699
2020-01-28,https://www.nba.com/game/gsw-vs-phi-0021900702
2020-01-28,https://www.nba.com/game/nop-vs-cle-0021900700
2020-01-28,https://www.nba.com/game/atl-vs-tor-0021900703
2020-01-28,https://www.nba.com/game/bos-vs-mia-0021900701
2020-01-28,https://www.nba.com/game/den-vs-mem-0021900704
2020-01-28,https://www.nba.com/game/was-vs-mil-0021900705
2020-01-28,https://www.nba.com/game/phx-vs-dal-0021900706
2020-01-29,https://www.nba.com/game/chi-vs-ind-0021900708
2020-01-29,https://www.nba.com/game/det-vs-bkn-0021900709
2020-01-29,https://www.nba.com/game/mem-vs-nyk-0021900710
2020-01-29,https://www.nba.com/game/uta-vs-sas-0021900711
2020-01-29,https://www.nba.com/game/hou-vs-por-0021900712
2020-01-29,https://www.nba.com/game/okc-vs-sac-0021900713
2020-01-30,https://www.nba.com/game/tor-vs-cle-0021900714
2020-01-30,https://www.nba.com/game/cha-vs-was-0021900715
2020-01-30,https://www.nba.com/game/phi-vs-atl-0021900716
2020-01-30,https://www.nba.com/game/gsw-vs-bos-0021900717
2020-01-30,https://www.nba.com/game/uta-vs-den-0021900718
2020-01-30,https://www.nba.com/game/sac-vs-lac-0021900719
2020-01-31,https://www.nba.com/game/tor-vs-det-0021900720
2020-01-31,https://www.nba.com/game/chi-vs-bkn-0021900721
2020-01-31,https://www.nba.com/game/dal-vs-hou-0021900722
2020-01-31,https://www.nba.com/game/mem-vs-nop-0021900723
2020-01-31,https://www.nba.com/game/den-vs-mil-0021900724
2020-01-31,https://www.nba.com/game/okc-vs-phx-0021900725
2020-01-31,https://www.nba.com/game/por-vs-lal-0021900726
2020-02-01,https://www.nba.com/game/min-vs-lac-0021900727
2020-02-01,https://www.nba.com/game/nyk-vs-ind-0021900728
2020-02-01,https://www.nba.com/game/mia-vs-orl-0021900729
2020-02-01,https://www.nba.com/game/gsw-vs-cle-0021900730
2020-02-01,https://www.nba.com/game/bkn-vs-was-0021900731
2020-02-01,https://www.nba.com/game/phi-vs-bos-0021900732
2020-02-01,https://www.nba.com/game/atl-vs-dal-0021900733
2020-02-01,https://www.nba.com/game/cha-vs-sas-0021900734
2020-02-01,https://www.nba.com/game/lal-vs-sac-0021900736
2020-02-01,https://www.nba.com/game/uta-vs-por-0021900735
2020-02-02,https://www.nba.com/game/den-vs-det-0021900737
2020-02-02,https://www.nba.com/game/nop-vs-hou-0021900738
2020-02-02,https://www.nba.com/game/phx-vs-mil-0021900739
2020-02-02,https://www.nba.com/game/chi-vs-tor-0021900740
2020-02-03,https://www.nba.com/game/orl-vs-cha-0021900741
2020-02-03,https://www.nba.com/game/nyk-vs-cle-0021900742
2020-02-03,https://www.nba.com/game/dal-vs-ind-0021900743
2020-02-03,https://www.nba.com/game/gsw-vs-was-0021900744
2020-02-03,https://www.nba.com/game/bos-vs-atl-0021900745
2020-02-03,https://www.nba.com/game/phx-vs-bkn-0021900746
2020-02-03,https://www.nba.com/game/phi-vs-mia-0021900747
2020-02-03,https://www.nba.com/game/det-vs-mem-0021900748
2020-02-03,https://www.nba.com/game/min-vs-sac-0021900749
2020-02-03,https://www.nba.com/game/sas-vs-lac-0021900750
2020-02-04,https://www.nba.com/game/mil-vs-nop-0021900751
2020-02-04,https://www.nba.com/game/cha-vs-hou-0021900752
2020-02-04,https://www.nba.com/game/por-vs-den-0021900753
2020-02-04,https://www.nba.com/game/sas-vs-lal-0021900754
2020-02-05,https://www.nba.com/game/phx-vs-det-0021900755
2020-02-05,https://www.nba.com/game/orl-vs-bos-0021900756
2020-02-05,https://www.nba.com/game/gsw-vs-bkn-0021900757
2020-02-05,https://www.nba.com/game/ind-vs-tor-0021900758
2020-02-05,https://www.nba.com/game/atl-vs-min-0021900759
2020-02-05,https://www.nba.com/game/cle-vs-okc-0021900760
2020-02-05,https://www.nba.com/game/mem-vs-dal-0021900761
2020-02-05,https://www.nba.com/game/den-vs-uta-0021900762
2020-02-05,https://www.nba.com/game/mia-vs-lac-0021900763
2020-02-06,https://www.nba.com/game/orl-vs-nyk-0021900764
2020-02-06,https://www.nba.com/game/nop-vs-chi-0021900765
2020-02-06,https://www.nba.com/game/phi-vs-mil-0021900766
2020-02-06,https://www.nba.com/game/sas-vs-por-0021900767
2020-02-06,https://www.nba.com/game/hou-vs-lal-0021900768
2020-02-07,https://www.nba.com/game/mem-vs-phi-0021900769
2020-02-07,https://www.nba.com/game/dal-vs-was-0021900770
2020-02-07,https://www.nba.com/game/atl-vs-bos-0021900771
2020-02-07,https://www.nba.com/game/tor-vs-ind-0021900772
2020-02-07,https://www.nba.com/game/det-vs-okc-0021900773
2020-02-07,https://www.nba.com/game/hou-vs-phx-0021900774
2020-02-07,https://www.nba.com/game/mia-vs-sac-0021900775
2020-02-07,https://www.nba.com/game/por-vs-uta-0021900776
2020-02-08,https://www.nba.com/game/mil-vs-orl-0021900777
2020-02-08,https://www.nba.com/game/dal-vs-cha-0021900778
2020-02-08,https://www.nba.com/game/nyk-vs-det-0021900779
2020-02-08,https://www.nba.com/game/nop-vs-ind-0021900780
2020-02-08,https://www.nba.com/game/bkn-vs-tor-0021900781
2020-02-08,https://www.nba.com/game/lac-vs-min-0021900782
2020-02-08,https://www.nba.com/game/lal-vs-gsw-0021900783
2020-02-08,https://www.nba.com/game/den-vs-phx-0021900784
2020-02-08,https://www.nba.com/game/sas-vs-sac-0021900785
2020-02-09,https://www.nba.com/game/bos-vs-okc-0021900786
2020-02-09,https://www.nba.com/game/nyk-vs-atl-0021900787
2020-02-09,https://www.nba.com/game/chi-vs-phi-0021900788
2020-02-09,https://www.nba.com/game/mem-vs-was-0021900789
2020-02-09,https://www.nba.com/game/uta-vs-hou-0021900790
2020-02-09,https://www.nba.com/game/lac-vs-cle-0021900791
2020-02-09,https://www.nba.com/game/mia-vs-por-0021900792
2020-02-10,https://www.nba.com/game/cha-vs-det-0021900793
2020-02-10,https://www.nba.com/game/bkn-vs-ind-0021900794
2020-02-10,https://www.nba.com/game/atl-vs-orl-0021900795
2020-02-10,https://www.nba.com/game/min-vs-tor-0021900796
2020-02-10,https://www.nba.com/game/sac-vs-mil-0021900797
2020-02-10,https://www.nba.com/game/uta-vs-dal-0021900798
2020-02-10,https://www.nba.com/game/sas-vs-den-0021900799
2020-02-10,https://www.nba.com/game/mia-vs-gsw-0021900800
2020-02-10,https://www.nba.com/game/phx-vs-lal-0021900801
2020-02-11,https://www.nba.com/game/lac-vs-phi-0021900802
2020-02-11,https://www.nba.com/game/chi-vs-was-0021900803
2020-02-11,https://www.nba.com/game/por-vs-nop-0021900804
2020-02-11,https://www.nba.com/game/sas-vs-okc-0021900805
2020-02-11,https://www.nba.com/game/bos-vs-hou-0021900806
2020-02-12,https://www.nba.com/game/atl-vs-cle-0021900807
2020-02-12,https://www.nba.com/game/det-vs-orl-0021900808
2020-02-12,https://www.nba.com/game/tor-vs-bkn-0021900809
2020-02-12,https://www.nba.com/game/mil-vs-ind-0021900810
2020-02-12,https://www.nba.com/game/was-vs-nyk-0021900811
2020-02-12,https://www.nba.com/game/por-vs-mem-0021900812
2020-02-12,https://www.nba.com/game/cha-vs-min-0021900813
2020-02-12,https://www.nba.com/game/sac-vs-dal-0021900814
2020-02-12,https://www.nba.com/game/gsw-vs-phx-0021900815
2020-02-12,https://www.nba.com/game/mia-vs-uta-0021900816
2020-02-12,https://www.nba.com/game/lal-vs-den-0021900817
2020-02-13,https://www.nba.com/game/lac-vs-bos-0021900818
2020-02-13,https://www.nba.com/game/okc-vs-nop-0021900819
2020-02-14,https://www.nba.com/game/sas-vs-wlb-0031900003
2020-02-14,https://www.nba.com/game/wld-vs-usa-0031900002
2020-02-16,https://www.nba.com/game/lbn-vs-gns-0031900001
2020-02-20,https://www.nba.com/game/mil-vs-det-0021900820
2020-02-20,https://www.nba.com/game/mia-vs-atl-0021900821
2020-02-20,https://www.nba.com/game/bkn-vs-phi-0021900822
2020-02-20,https://www.nba.com/game/cha-vs-chi-0021900823
2020-02-20,https://www.nba.com/game/mem-vs-sac-0021900824
2020-02-20,https://www.nba.com/game/hou-vs-gsw-0021900825
2020-02-21,https://www.nba.com/game/dal-vs-orl-0021900826
2020-02-21,https://www.nba.com/game/cle-vs-was-0021900827
2020-02-21,https://www.nba.com/game/ind-vs-nyk-0021900828
2020-02-21,https://www.nba.com/game/phx-vs-tor-0021900829
2020-02-21,https://www.nba.com/game/bos-vs-min-0021900830
2020-02-21,https://www.nba.com/game/den-vs-okc-0021900831
2020-02-21,https://www.nba.com/game/sas-vs-uta-0021900832
2020-02-21,https://www.nba.com/game/mem-vs-lal-0021900833
2020-02-21,https://www.nba.com/game/nop-vs-por-0021900834
2020-02-22,https://www.nba.com/game/sac-vs-lac-0021900835
2020-02-22,https://www.nba.com/game/bkn-vs-cha-0021900836
2020-02-22,https://www.nba.com/game/dal-vs-atl-0021900837
2020-02-22,https://www.nba.com/game/cle-vs-mia-0021900838
2020-02-22,https://www.nba.com/game/phx-vs-chi-0021900839
2020-02-22,https://www.nba.com/game/phi-vs-mil-0021900840
2020-02-22,https://www.nba.com/game/hou-vs-uta-0021900841
2020-02-23,https://www.nba.com/game/bos-vs-lal-0021900842
2020-02-23,https://www.nba.com/game/ind-vs-tor-0021900843
2020-02-23,https://www.nba.com/game/min-vs-den-0021900844
2020-02-23,https://www.nba.com/game/was-vs-chi-0021900845
2020-02-23,https://www.nba.com/game/sas-vs-okc-0021900846
2020-02-23,https://www.nba.com/game/nop-vs-gsw-0021900847
2020-02-23,https://www.nba.com/game/det-vs-por-0021900848
2020-02-24,https://www.nba.com/game/mia-vs-cle-0021900849
2020-02-24,https://www.nba.com/game/atl-vs-phi-0021900850
2020-02-24,https://www.nba.com/game/mil-vs-was-0021900851
2020-02-24,https://www.nba.com/game/orl-vs-bkn-0021900852
2020-02-24,https://www.nba.com/game/nyk-vs-hou-0021900853
2020-02-24,https://www.nba.com/game/min-vs-dal-0021900854
2020-02-24,https://www.nba.com/game/phx-vs-uta-0021900855
2020-02-24,https://www.nba.com/game/mem-vs-lac-0021900856
2020-02-25,https://www.nba.com/game/cha-vs-ind-0021900857
2020-02-25,https://www.nba.com/game/mil-vs-tor-0021900858
2020-02-25,https://www.nba.com/game/okc-vs-chi-0021900859
2020-02-25,https://www.nba.com/game/det-vs-den-0021900860
2020-02-25,https://www.nba.com/game/nop-vs-lal-0021900861
2020-02-25,https://www.nba.com/game/bos-vs-por-0021900862
2020-02-25,https://www.nba.com/game/sac-vs-gsw-0021900863
2020-02-26,https://www.nba.com/game/nyk-vs-cha-0021900864
2020-02-26,https://www.nba.com/game/phi-vs-cle-0021900865
2020-02-26,https://www.nba.com/game/bkn-vs-was-0021900866
2020-02-26,https://www.nba.com/game/orl-vs-atl-0021900867
2020-02-26,https://www.nba.com/game/min-vs-mia-0021900868
2020-02-26,https://www.nba.com/game/mem-vs-hou-0021900870
2020-02-26,https://www.nba.com/game/dal-vs-sas-0021900869
2020-02-26,https://www.nba.com/game/lac-vs-phx-0021900871
2020-02-26,https://www.nba.com/game/bos-vs-uta-0021900872
2020-02-27,https://www.nba.com/game/nyk-vs-phi-0021900873
2020-02-27,https://www.nba.com/game/por-vs-ind-0021900874
2020-02-27,https://www.nba.com/game/sac-vs-okc-0021900875
2020-02-27,https://www.nba.com/game/lal-vs-gsw-0021900876
2020-02-28,https://www.nba.com/game/min-vs-orl-0021900877
2020-02-28,https://www.nba.com/game/bkn-vs-atl-0021900878
2020-02-28,https://www.nba.com/game/cha-vs-tor-0021900879
2020-02-28,https://www.nba.com/game/dal-vs-mia-0021900880
2020-02-28,https://www.nba.com/game/sac-vs-mem-0021900881
2020-02-28,https://www.nba.com/game/okc-vs-mil-0021900882
2020-02-28,https://www.nba.com/game/cle-vs-nop-0021900883
2020-02-28,https://www.nba.com/game/det-vs-phx-0021900884
2020-02-28,https://www.nba.com/game/was-vs-uta-0021900885
2020-02-28,https://www.nba.com/game/den-vs-lac-0021900886
2020-02-29,https://www.nba.com/game/chi-vs-nyk-0021900887
2020-02-29,https://www.nba.com/game/por-vs-atl-0021900888
2020-02-29,https://www.nba.com/game/bkn-vs-mia-0021900889
2020-02-29,https://www.nba.com/game/ind-vs-cle-0021900890
2020-02-29,https://www.nba.com/game/lal-vs-mem-0021900891
2020-02-29,https://www.nba.com/game/hou-vs-bos-0021900892
2020-02-29,https://www.nba.com/game/orl-vs-sas-0021900893
2020-02-29,https://www.nba.com/game/gsw-vs-phx-0021900894
2020-03-01,https://www.nba.com/game/mil-vs-cha-0021900895
2020-03-01,https://www.nba.com/game/dal-vs-min-0021900896
2020-03-01,https://www.nba.com/game/phi-vs-lac-0021900897
2020-03-01,https://www.nba.com/game/tor-vs-den-0021900898
2020-03-01,https://www.nba.com/game/det-vs-sac-0021900899
2020-03-01,https://www.nba.com/game/lal-vs-nop-0021900900
2020-03-01,https://www.nba.com/game/was-vs-gsw-0021900901
2020-03-02,https://www.nba.com/game/uta-vs-cle-0021900902
2020-03-02,https://www.nba.com/game/hou-vs-nyk-0021900903
2020-03-02,https://www.nba.com/game/por-vs-orl-0021900904
2020-03-02,https://www.nba.com/game/mem-vs-atl-0021900905
2020-03-02,https://www.nba.com/game/mil-vs-mia-0021900906
2020-03-02,https://www.nba.com/game/dal-vs-chi-0021900907
2020-03-02,https://www.nba.com/game/ind-vs-sas-0021900908
2020-03-03,https://www.nba.com/game/sas-vs-cha-0021900909
2020-03-03,https://www.nba.com/game/bkn-vs-bos-0021900910
2020-03-03,https://www.nba.com/game/min-vs-nop-0021900911
2020-03-03,https://www.nba.com/game/lac-vs-okc-0021900912
2020-03-03,https://www.nba.com/game/gsw-vs-den-0021900913
2020-03-03,https://www.nba.com/game/tor-vs-phx-0021900914
2020-03-03,https://www.nba.com/game/phi-vs-lal-0021900915
2020-03-03,https://www.nba.com/game/was-vs-sac-0021900916
2020-03-04,https://www.nba.com/game/bos-vs-cle-0021900917
2020-03-04,https://www.nba.com/game/okc-vs-det-0021900918
2020-03-04,https://www.nba.com/game/ind-vs-mil-0021900924
2020-03-04,https://www.nba.com/game/orl-vs-mia-0021900919
2020-03-04,https://www.nba.com/game/mem-vs-bkn-0021900920
2020-03-04,https://www.nba.com/game/uta-vs-nyk-0021900921
2020-03-04,https://www.nba.com/game/chi-vs-min-0021900922
2020-03-04,https://www.nba.com/game/nop-vs-dal-0021900923
2020-03-04,https://www.nba.com/game/was-vs-por-0021900925
2020-03-05,https://www.nba.com/game/den-vs-cha-0021900926
2020-03-05,https://www.nba.com/game/lac-vs-hou-0021900927
2020-03-05,https://www.nba.com/game/phi-vs-sac-0021900928
2020-03-05,https://www.nba.com/game/tor-vs-gsw-0021900929
2020-03-06,https://www.nba.com/game/atl-vs-was-0021900930
2020-03-06,https://www.nba.com/game/sas-vs-bkn-0021900931
2020-03-06,https://www.nba.com/game/okc-vs-nyk-0021900932
2020-03-06,https://www.nba.com/game/uta-vs-bos-0021900933
2020-03-06,https://www.nba.com/game/ind-vs-chi-0021900934
2020-03-06,https://www.nba.com/game/orl-vs-min-0021900935
2020-03-06,https://www.nba.com/game/mia-vs-nop-0021900936
2020-03-06,https://www.nba.com/game/mem-vs-dal-0021900937
2020-03-06,https://www.nba.com/game/por-vs-phx-0021900938
2020-03-06,https://www.nba.com/game/mil-vs-lal-0021900939
2020-03-07,https://www.nba.com/game/hou-vs-cha-0021900940
2020-03-07,https://www.nba.com/game/uta-vs-det-0021900941
2020-03-07,https://www.nba.com/game/den-vs-cle-0021900942
2020-03-07,https://www.nba.com/game/atl-vs-mem-0021900943
2020-03-07,https://www.nba.com/game/phi-vs-gsw-0021900944
2020-03-07,https://www.nba.com/game/sac-vs-por-0021900945
2020-03-08,https://www.nba.com/game/chi-vs-bkn-0021900946
2020-03-08,https://www.nba.com/game/nop-vs-min-0021900947
2020-03-08,https://www.nba.com/game/lal-vs-lac-0021900948
2020-03-08,https://www.nba.com/game/okc-vs-bos-0021900949
2020-03-08,https://www.nba.com/game/mil-vs-phx-0021900950
2020-03-08,https://www.nba.com/game/mia-vs-was-0021900951
2020-03-08,https://www.nba.com/game/ind-vs-dal-0021900952
2020-03-08,https://www.nba.com/game/orl-vs-hou-0021900953
2020-03-08,https://www.nba.com/game/sas-vs-cle-0021900954
2020-03-08,https://www.nba.com/game/det-vs-nyk-0021900955
2020-03-08,https://www.nba.com/game/tor-vs-sac-0021900956
2020-03-09,https://www.nba.com/game/cha-vs-atl-0021900957
2020-03-09,https://www.nba.com/game/mil-vs-den-0021900958
2020-03-09,https://www.nba.com/game/tor-vs-uta-0021900959
2020-03-10,https://www.nba.com/game/bos-vs-ind-0021900960
2020-03-10,https://www.nba.com/game/nyk-vs-was-0021900961
2020-03-10,https://www.nba.com/game/cle-vs-chi-0021900962
2020-03-10,https://www.nba.com/game/min-vs-hou-0021900963
2020-03-10,https://www.nba.com/game/orl-vs-mem-0021900964
2020-03-10,https://www.nba.com/game/dal-vs-sas-0021900965
2020-03-10,https://www.nba.com/game/phx-vs-por-0021900966
2020-03-10,https://www.nba.com/game/lac-vs-gsw-0021900967
2020-03-10,https://www.nba.com/game/bkn-vs-lal-0021900968
2020-03-11,https://www.nba.com/game/det-vs-phi-0021900971
2020-03-11,https://www.nba.com/game/nyk-vs-atl-0021900969
2020-03-11,https://www.nba.com/game/cha-vs-mia-0021900970
2020-03-11,https://www.nba.com/game/den-vs-dal-0021900973
